KeyGen Time (s),KeyGen Memory (KB),Encaps Time (s),Encaps Memory (KB),Decaps Time (s),Decaps Memory (KB)
0.206026,2692,0.188966,2692,0.348062,4608,
0.198760,4608,0.220187,4608,0.327044,4608,
0.195308,4608,0.203631,4608,0.349420,4608,
0.198447,4608,0.209900,4608,0.330977,4608,
0.190303,4608,0.204416,4608,0.302541,4608,
