KeyGen Time (s),KeyGen Memory (KB),Encaps Time (s),Encaps Memory (KB),Decaps Time (s),Decaps Memory (KB)
0.090700,7364,0.077811,7364,0.144642,8212,
0.078624,8212,0.078429,8212,0.125837,8212,
0.079411,8212,0.078891,8212,0.125709,8212,
0.078102,8212,0.083332,8212,0.135934,8212,
0.087663,8212,0.078053,8212,0.134090,8212,
