KeyGen Time (s),KeyGen Memory (KB),Encaps Time (s),Encaps Memory (KB),Decaps Time (s),Decaps Memory (KB)
0.006367,5568,0.006635,5568,0.141213,5568,
0.004396,5568,0.004876,5568,0.124217,5568,
0.003417,5568,0.002965,5568,0.152769,5568,
0.004721,5568,0.006946,5568,0.142525,5568,
0.004666,5568,0.003162,5568,0.123999,5568,
